acli net.delete;VLAN_NAME;vlan=;VLAN_ID;ip_config=;GATEWAY/MASK
acli net.delete;VLAN_NAME;vlan=;VLAN_ID;ip_config=;GATEWAY/MASK
acli net.delete;VLAN_NAME;vlan=;VLAN_ID;ip_config=;GATEWAY/MASK
acli net.delete;VLAN_NAME;vlan=;VLAN_ID;ip_config=;GATEWAY/MASK
acli net.delete;VLAN_NAME;vlan=;VLAN_ID;ip_config=;GATEWAY/MASK
acli net.delete;VLAN_NAME;vlan=;VLAN_ID;ip_config=;GATEWAY/MASK
acli net.delete;VLAN_NAME;vlan=;VLAN_ID;ip_config=;GATEWAY/MASK
acli net.delete;VLAN_NAME;vlan=;VLAN_ID;ip_config=;GATEWAY/MASK
acli net.delete;VLAN_NAME;vlan=;VLAN_ID;ip_config=;GATEWAY/MASK
acli net.delete;VLAN_NAME;vlan=;VLAN_ID;ip_config=;GATEWAY/MASK
acli net.delete;VLAN_NAME;vlan=;VLAN_ID;ip_config=;GATEWAY/MASK
acli net.delete;VLAN_NAME;vlan=;VLAN_ID;ip_config=;GATEWAY/MASK
acli net.delete;VLAN_NAME;vlan=;VLAN_ID;ip_config=;GATEWAY/MASK
acli net.delete;VLAN_NAME;vlan=;VLAN_ID;ip_config=;GATEWAY/MASK
acli net.delete;VLAN_NAME;vlan=;VLAN_ID;ip_config=;GATEWAY/MASK
acli net.delete;VLAN_NAME;vlan=;VLAN_ID;ip_config=;GATEWAY/MASK
acli net.delete;VLAN_NAME;vlan=;VLAN_ID;ip_config=;GATEWAY/MASK
acli net.delete;VLAN_NAME;vlan=;VLAN_ID;ip_config=;GATEWAY/MASK
acli net.delete;VLAN_NAME;vlan=;VLAN_ID;ip_config=;GATEWAY/MASK
acli net.delete;VLAN_NAME;vlan=;VLAN_ID;ip_config=;GATEWAY/MASK
acli net.delete;VLAN_NAME;vlan=;VLAN_ID;ip_config=;GATEWAY/MASK
acli net.delete;VLAN_NAME;vlan=;VLAN_ID;ip_config=;GATEWAY/MASK
acli net.delete;VLAN_NAME;vlan=;VLAN_ID;ip_config=;GATEWAY/MASK
acli net.delete;VLAN_NAME;vlan=;VLAN_ID;ip_config=;GATEWAY/MASK
acli net.delete;VLAN_NAME;vlan=;VLAN_ID;ip_config=;GATEWAY/MASK
acli net.delete;VLAN_NAME;vlan=;VLAN_ID;ip_config=;GATEWAY/MASK
acli net.delete;VLAN_NAME;vlan=;VLAN_ID;ip_config=;GATEWAY/MASK
acli net.delete;VLAN_NAME;vlan=;VLAN_ID;ip_config=;GATEWAY/MASK
acli net.delete;VLAN_NAME;vlan=;VLAN_ID;ip_config=;GATEWAY/MASK
acli net.delete;VLAN_NAME;vlan=;VLAN_ID;ip_config=;GATEWAY/MASK
acli net.delete;VLAN_NAME;vlan=;VLAN_ID;ip_config=;GATEWAY/MASK
acli net.delete;VLAN_NAME;vlan=;VLAN_ID;ip_config=;GATEWAY/MASK
acli net.delete;VLAN_NAME;vlan=;VLAN_ID;ip_config=;GATEWAY/MASK
acli net.delete;VLAN_NAME;vlan=;VLAN_ID;ip_config=;GATEWAY/MASK
acli net.delete;VLAN_NAME;vlan=;VLAN_ID;ip_config=;GATEWAY/MASK
acli net.delete;VLAN_NAME;vlan=;VLAN_ID;ip_config=;GATEWAY/MASK
acli net.delete;VLAN_NAME;vlan=;VLAN_ID;ip_config=;GATEWAY/MASK
acli net.delete;VLAN_NAME;vlan=;VLAN_ID;ip_config=;GATEWAY/MASK
acli net.delete;VLAN_NAME;vlan=;VLAN_ID;ip_config=;GATEWAY/MASK
acli net.delete;VLAN_NAME;vlan=;VLAN_ID;ip_config=;GATEWAY/MASK
acli net.delete;VLAN_NAME;vlan=;VLAN_ID;ip_config=;GATEWAY/MASK
acli net.delete;VLAN_NAME;vlan=;VLAN_ID;ip_config=;GATEWAY/MASK
acli net.delete;VLAN_NAME;vlan=;VLAN_ID;ip_config=;GATEWAY/MASK
acli net.delete;VLAN_NAME;vlan=;VLAN_ID;ip_config=;GATEWAY/MASK
acli net.delete;VLAN_NAME;vlan=;VLAN_ID;ip_config=;GATEWAY/MASK
acli net.delete;VLAN_NAME;vlan=;VLAN_ID;ip_config=;GATEWAY/MASK
acli net.delete;VLAN_NAME;vlan=;VLAN_ID;ip_config=;GATEWAY/MASK
acli net.delete;VLAN_NAME;vlan=;VLAN_ID;ip_config=;GATEWAY/MASK
acli net.delete;VLAN_NAME;vlan=;VLAN_ID;ip_config=;GATEWAY/MASK
acli net.delete;VLAN_NAME;vlan=;VLAN_ID;ip_config=;GATEWAY/MASK
acli net.delete;VLAN_NAME;vlan=;VLAN_ID;ip_config=;GATEWAY/MASK
acli net.delete;VLAN_NAME;vlan=;VLAN_ID;ip_config=;GATEWAY/MASK
acli net.delete;VLAN_NAME;vlan=;VLAN_ID;ip_config=;GATEWAY/MASK
acli net.delete;VLAN_NAME;vlan=;VLAN_ID;ip_config=;GATEWAY/MASK
acli net.delete;VLAN_NAME;vlan=;VLAN_ID;ip_config=;GATEWAY/MASK
acli net.delete;VLAN_NAME;vlan=;VLAN_ID;ip_config=;GATEWAY/MASK
acli net.delete;VLAN_NAME;vlan=;VLAN_ID;ip_config=;GATEWAY/MASK
acli net.delete;VLAN_NAME;vlan=;VLAN_ID;ip_config=;GATEWAY/MASK
acli net.delete;VLAN_NAME;vlan=;VLAN_ID;ip_config=;GATEWAY/MASK
acli net.delete;VLAN_NAME;vlan=;VLAN_ID;ip_config=;GATEWAY/MASK
acli net.delete;VLAN_NAME;vlan=;VLAN_ID;ip_config=;GATEWAY/MASK
acli net.delete;VLAN_NAME;vlan=;VLAN_ID;ip_config=;GATEWAY/MASK
acli net.delete;VLAN_NAME;vlan=;VLAN_ID;ip_config=;GATEWAY/MASK
acli net.delete;VLAN_NAME;vlan=;VLAN_ID;ip_config=;GATEWAY/MASK
acli net.delete;VLAN_NAME;vlan=;VLAN_ID;ip_config=;GATEWAY/MASK
acli net.delete;VLAN_NAME;vlan=;VLAN_ID;ip_config=;GATEWAY/MASK
acli net.delete;VLAN_NAME;vlan=;VLAN_ID;ip_config=;GATEWAY/MASK
acli net.delete;VLAN_NAME;vlan=;VLAN_ID;ip_config=;GATEWAY/MASK
acli net.delete;VLAN_NAME;vlan=;VLAN_ID;ip_config=;GATEWAY/MASK
acli net.delete;VLAN_NAME;vlan=;VLAN_ID;ip_config=;GATEWAY/MASK
acli net.delete;VLAN_NAME;vlan=;VLAN_ID;ip_config=;GATEWAY/MASK
