acli net.delete;VLAN_NAME
acli net.delete;VLAN_NAME
acli net.delete;VLAN_NAME
acli net.delete;VLAN_NAME
acli net.delete;VLAN_NAME
acli net.delete;VLAN_NAME
acli net.delete;VLAN_NAME
acli net.delete;VLAN_NAME
acli net.delete;VLAN_NAME
acli net.delete;VLAN_NAME
acli net.delete;VLAN_NAME
acli net.delete;VLAN_NAME
acli net.delete;VLAN_NAME
acli net.delete;VLAN_NAME
acli net.delete;VLAN_NAME
acli net.delete;VLAN_NAME
acli net.delete;VLAN_NAME
acli net.delete;VLAN_NAME
acli net.delete;VLAN_NAME
acli net.delete;VLAN_NAME
acli net.delete;VLAN_NAME
acli net.delete;VLAN_NAME
acli net.delete;VLAN_NAME
acli net.delete;VLAN_NAME
acli net.delete;VLAN_NAME
acli net.delete;VLAN_NAME
acli net.delete;VLAN_NAME
acli net.delete;VLAN_NAME
acli net.delete;VLAN_NAME
acli net.delete;VLAN_NAME
acli net.delete;VLAN_NAME
acli net.delete;VLAN_NAME
acli net.delete;VLAN_NAME
acli net.delete;VLAN_NAME
acli net.delete;VLAN_NAME
acli net.delete;VLAN_NAME
acli net.delete;VLAN_NAME
acli net.delete;VLAN_NAME
acli net.delete;VLAN_NAME
acli net.delete;VLAN_NAME
acli net.delete;VLAN_NAME
acli net.delete;VLAN_NAME
acli net.delete;VLAN_NAME
acli net.delete;VLAN_NAME
acli net.delete;VLAN_NAME
acli net.delete;VLAN_NAME
acli net.delete;VLAN_NAME
acli net.delete;VLAN_NAME
acli net.delete;VLAN_NAME
acli net.delete;VLAN_NAME
acli net.delete;VLAN_NAME
acli net.delete;VLAN_NAME
acli net.delete;VLAN_NAME
acli net.delete;VLAN_NAME
acli net.delete;VLAN_NAME
acli net.delete;VLAN_NAME
acli net.delete;VLAN_NAME
acli net.delete;VLAN_NAME
acli net.delete;VLAN_NAME
acli net.delete;VLAN_NAME
acli net.delete;VLAN_NAME
acli net.delete;VLAN_NAME
acli net.delete;VLAN_NAME
acli net.delete;VLAN_NAME
acli net.delete;VLAN_NAME
acli net.delete;VLAN_NAME
acli net.delete;VLAN_NAME
acli net.delete;VLAN_NAME
acli net.delete;VLAN_NAME
acli net.delete;VLAN_NAME
acli net.delete;VLAN_NAME
