acli net.create;VLAN_NAME;vlan=;VLAN_ID
acli net.create;VLAN_NAME;vlan=;VLAN_ID
acli net.create;VLAN_NAME;vlan=;VLAN_ID
acli net.create;VLAN_NAME;vlan=;VLAN_ID
acli net.create;VLAN_NAME;vlan=;VLAN_ID
acli net.create;VLAN_NAME;vlan=;VLAN_ID
acli net.create;VLAN_NAME;vlan=;VLAN_ID
acli net.create;VLAN_NAME;vlan=;VLAN_ID
acli net.create;VLAN_NAME;vlan=;VLAN_ID
acli net.create;VLAN_NAME;vlan=;VLAN_ID
acli net.create;VLAN_NAME;vlan=;VLAN_ID
acli net.create;VLAN_NAME;vlan=;VLAN_ID
acli net.create;VLAN_NAME;vlan=;VLAN_ID
acli net.create;VLAN_NAME;vlan=;VLAN_ID
acli net.create;VLAN_NAME;vlan=;VLAN_ID
acli net.create;VLAN_NAME;vlan=;VLAN_ID
acli net.create;VLAN_NAME;vlan=;VLAN_ID
acli net.create;VLAN_NAME;vlan=;VLAN_ID
acli net.create;VLAN_NAME;vlan=;VLAN_ID
acli net.create;VLAN_NAME;vlan=;VLAN_ID
acli net.create;VLAN_NAME;vlan=;VLAN_ID
acli net.create;VLAN_NAME;vlan=;VLAN_ID
acli net.create;VLAN_NAME;vlan=;VLAN_ID
acli net.create;VLAN_NAME;vlan=;VLAN_ID
acli net.create;VLAN_NAME;vlan=;VLAN_ID
acli net.create;VLAN_NAME;vlan=;VLAN_ID
acli net.create;VLAN_NAME;vlan=;VLAN_ID
acli net.create;VLAN_NAME;vlan=;VLAN_ID
acli net.create;VLAN_NAME;vlan=;VLAN_ID
acli net.create;VLAN_NAME;vlan=;VLAN_ID
acli net.create;VLAN_NAME;vlan=;VLAN_ID
acli net.create;VLAN_NAME;vlan=;VLAN_ID
acli net.create;VLAN_NAME;vlan=;VLAN_ID
acli net.create;VLAN_NAME;vlan=;VLAN_ID
acli net.create;VLAN_NAME;vlan=;VLAN_ID
acli net.create;VLAN_NAME;vlan=;VLAN_ID
acli net.create;VLAN_NAME;vlan=;VLAN_ID
acli net.create;VLAN_NAME;vlan=;VLAN_ID
acli net.create;VLAN_NAME;vlan=;VLAN_ID
acli net.create;VLAN_NAME;vlan=;VLAN_ID
acli net.create;VLAN_NAME;vlan=;VLAN_ID
acli net.create;VLAN_NAME;vlan=;VLAN_ID
acli net.create;VLAN_NAME;vlan=;VLAN_ID
acli net.create;VLAN_NAME;vlan=;VLAN_ID
acli net.create;VLAN_NAME;vlan=;VLAN_ID
acli net.create;VLAN_NAME;vlan=;VLAN_ID
acli net.create;VLAN_NAME;vlan=;VLAN_ID
acli net.create;VLAN_NAME;vlan=;VLAN_ID
acli net.create;VLAN_NAME;vlan=;VLAN_ID
acli net.create;VLAN_NAME;vlan=;VLAN_ID
acli net.create;VLAN_NAME;vlan=;VLAN_ID
acli net.create;VLAN_NAME;vlan=;VLAN_ID
acli net.create;VLAN_NAME;vlan=;VLAN_ID
acli net.create;VLAN_NAME;vlan=;VLAN_ID
acli net.create;VLAN_NAME;vlan=;VLAN_ID
acli net.create;VLAN_NAME;vlan=;VLAN_ID
acli net.create;VLAN_NAME;vlan=;VLAN_ID
acli net.create;VLAN_NAME;vlan=;VLAN_ID
acli net.create;VLAN_NAME;vlan=;VLAN_ID
acli net.create;VLAN_NAME;vlan=;VLAN_ID
acli net.create;VLAN_NAME;vlan=;VLAN_ID
acli net.create;VLAN_NAME;vlan=;VLAN_ID
acli net.create;VLAN_NAME;vlan=;VLAN_ID
acli net.create;VLAN_NAME;vlan=;VLAN_ID
acli net.create;VLAN_NAME;vlan=;VLAN_ID
acli net.create;VLAN_NAME;vlan=;VLAN_ID
acli net.create;VLAN_NAME;vlan=;VLAN_ID
acli net.create;VLAN_NAME;vlan=;VLAN_ID
acli net.create;VLAN_NAME;vlan=;VLAN_ID
acli net.create;VLAN_NAME;vlan=;VLAN_ID
acli net.create;VLAN_NAME;vlan=;VLAN_ID
